filename,width,height,class,xmin,ymin,xmax,ymax
r49.jpg,275,183,security incident,27,8,253,183
r49.jpg,275,183,security incident,35,29,257,183
oc51.jpg,474,215,security incident,198,15,321,175
oc51.jpg,474,215,security incident,61,5,410,215
la25.JPEG,470,310,security incident,4,2,461,277
la25.JPEG,470,310,security incident,10,146,344,292
sk12.jpg,311,162,security incident,97,4,309,162
sk12.jpg,311,162,security incident,97,3,207,162
sk12.jpg,311,162,security incident,111,63,224,145
oc62.jpg,474,632,security incident,97,160,259,279
sk18.jpg,265,190,security incident,22,3,265,172
sk18.jpg,265,190,security incident,15,1,183,175
sk18.jpg,265,190,security incident,50,34,179,178
pa181.jpg,275,183,security incident,12,5,93,179
sk26.jpg,286,176,security incident,193,3,262,90
r37.jpg,273,185,security incident,166,61,225,185
os49.jpg,262,192,security incident,25,9,261,175
os49.jpg,262,192,security incident,56,32,227,172
os49.jpg,262,192,security incident,82,45,215,155
r83.jpg,300,168,security incident,11,1,277,168
ctpn15.JPEG,474,331,security incident,163,25,474,323
ctpn15.JPEG,474,331,security incident,168,61,376,235
ctpn29.JPEG,474,274,security incident,328,102,451,242
n276.jpg,474,355,normal state,24,30,296,301
n276.jpg,474,355,normal state,13,2,470,290
n284.jpg,474,812,normal state,38,78,426,812
n284.jpg,474,812,normal state,55,115,408,440
n284.jpg,474,812,normal state,24,81,437,812
n284.jpg,474,812,normal state,34,125,248,457
pa170.jpg,300,137,security incident,26,6,156,135
pa170.jpg,300,137,security incident,173,4,292,132
n184.jpg,474,474,normal state,104,61,373,473
j23.jpg,275,183,security incident,2,1,126,183
cash tpn42.jpg,474,355,security incident,161,20,318,162
lg35.jpg,189,267,security incident,38,78,110,202
n206.jpg,269,160,normal state,11,14,268,160
n206.jpg,269,160,normal state,40,6,266,159
n206.jpg,269,160,normal state,113,24,263,160
n206.jpg,269,160,normal state,105,2,267,160
n206.jpg,269,160,normal state,117,32,174,160
n206.jpg,269,160,normal state,115,69,180,131
pa102.jpg,263,192,security incident,118,40,263,148
pa102.jpg,263,192,security incident,108,37,245,140
oc28.jpg,474,510,security incident,11,8,383,328
pa118.jpg,300,168,security incident,12,2,296,139
pa118.jpg,300,168,security incident,16,17,298,106
pa117.jpg,225,225,security incident,17,4,213,224
pa117.jpg,225,225,security incident,9,5,219,174
r101.jpg,290,174,security incident,38,16,174,173
oc72.jpg,474,708,security incident,47,200,205,344
oc72.jpg,474,708,security incident,72,228,164,327
ctpn39.JPEG,474,1201,security incident,2,922,469,1201
ctpn39.JPEG,474,1201,security incident,31,407,444,507
ctpn39.JPEG,474,1201,security incident,14,279,474,650
cash tpn39.jpg,474,741,security incident,89,239,266,414
cash tpn33.jpg,474,269,security incident,5,4,248,255
n201.jpg,474,316,normal state,18,6,474,291
n201.jpg,474,316,normal state,145,3,347,312
pa73.jpg,275,183,security incident,15,7,275,182
pa73.jpg,275,183,security incident,14,15,228,168
pa73.jpg,275,183,security incident,31,2,158,162
pa173.jpg,306,412,security incident,119,138,170,181
n212.jpg,243,160,normal state,18,1,236,160
n212.jpg,243,160,normal state,77,19,133,143
n212.jpg,243,160,normal state,69,2,224,149
n212.jpg,243,160,normal state,16,9,115,67
n212.jpg,243,160,normal state,13,3,243,89
n190.jpg,474,266,normal state,8,5,468,262
n190.jpg,474,266,normal state,223,2,460,266
r96.jpg,299,168,security incident,13,7,240,168
n193.jpg,474,316,normal state,3,1,474,310
n193.jpg,474,316,normal state,14,70,345,310
sk21.jpg,318,159,security incident,4,5,318,158
pa94.jpg,284,177,security incident,117,43,284,166
pa94.jpg,284,177,security incident,121,61,255,135
pa122.jpg,310,163,security incident,36,39,283,117
atm im 2.jpg,286,176,security incident,5,4,279,163
atm im 2.jpg,286,176,security incident,85,4,278,176
la19.JPEG,474,419,security incident,63,186,108,347
n293.jpg,400,247,normal state,10,7,394,247
n293.jpg,400,247,normal state,104,11,398,247
n293.jpg,400,247,normal state,110,18,238,213
n293.jpg,400,247,normal state,75,18,392,147
cash tpn45.jpg,474,266,security incident,133,11,345,258
cash tpn45.jpg,474,266,security incident,163,79,325,217
n244.jpg,474,713,normal state,22,9,474,695
n244.jpg,474,713,normal state,8,311,461,713
n244.jpg,474,713,normal state,30,491,474,712
n274.jpg,300,173,normal state,4,6,300,172
n274.jpg,300,173,normal state,102,1,300,163
n274.jpg,300,173,normal state,230,7,300,163
cash tpn34.jpg,474,632,security incident,5,394,473,565
m50.jpg,474,266,security incident,1,31,282,261
m50.jpg,474,266,security incident,8,112,190,255
r95.jpeg,259,194,security incident,51,61,249,175
r78.jpg,259,194,security incident,61,25,148,131
pa113.jpg,327,154,security incident,1,19,284,154
n272.jpg,474,474,normal state,68,61,426,420
r90.jpg,221,228,security incident,16,4,221,226
atm8.jpg,278,181,security incident,115,31,192,86
n271.jpg,474,325,normal state,29,14,473,321
n271.jpg,474,325,normal state,145,5,467,305
n271.jpg,474,325,normal state,8,104,474,320
n271.jpg,474,325,normal state,173,94,320,325
n211.jpg,217,160,normal state,8,3,217,147
n211.jpg,217,160,normal state,131,7,214,149
n211.jpg,217,160,normal state,35,15,214,94
n211.jpg,217,160,normal state,64,27,134,135
n248.jpg,338,338,normal state,37,104,312,310
n248.jpg,338,338,normal state,96,141,160,280
n248.jpg,338,338,normal state,87,137,260,294
n248.jpg,338,338,normal state,35,138,321,235
oc36.jpg,474,347,security incident,24,16,457,305
oc36.jpg,474,347,security incident,200,15,378,188
os54.jpg,259,194,security incident,13,5,257,194
os54.jpg,259,194,security incident,43,31,259,188
os54.jpg,259,194,security incident,63,52,184,194
os54.jpg,259,194,security incident,61,62,166,157
os54.jpg,259,194,security incident,64,70,154,131
ctpn22.JPEG,474,291,security incident,6,5,433,139
r82.jpg,299,168,security incident,85,61,234,168
trf29.jpg,194,259,security incident,9,22,187,259
trf29.jpg,194,259,security incident,10,72,188,259
trf29.jpg,194,259,security incident,1,109,110,241
r46.jpg,259,194,security incident,76,2,244,194
r46.jpg,259,194,security incident,96,9,235,129
m69.jpg,240,227,security incident,77,2,207,212
m69.jpg,240,227,security incident,73,3,228,122
m66.jpg,474,342,security incident,144,75,247,323
trf35.jpg,193,261,security incident,11,30,185,225
trf35.jpg,193,261,security incident,7,6,193,222
skm2.jpg,284,177,security incident,8,7,203,177
m43.jpg,474,296,security incident,7,9,77,197
pa81.jpg,259,194,security incident,10,6,259,190
pa81.jpg,259,194,security incident,5,2,258,130
pa81.jpg,259,194,security incident,60,1,253,129
pa141.jpg,265,190,security incident,7,8,261,172
pa141.jpg,265,190,security incident,17,18,194,172
pa141.jpg,265,190,security incident,4,22,248,161
m30.jpg,474,355,security incident,188,122,243,142
skmm.jpg,161,313,security incident,10,45,107,313
n234.jpg,474,674,normal state,36,59,473,460
n234.jpg,474,674,normal state,9,2,474,429
m68.jpg,474,311,security incident,328,19,433,310
trf25.jpg,300,168,security incident,85,56,224,168
trf25.jpg,300,168,security incident,77,9,237,160
n240.jpg,474,384,normal state,7,3,474,318
sk20.jpg,299,168,security incident,112,21,265,168
n186.jpg,474,632,normal state,27,21,419,632
n186.jpg,474,632,normal state,51,32,420,457
n267.jpg,474,266,normal state,18,5,474,250
n267.jpg,474,266,normal state,138,110,420,266
trf46.jpg,768,432,security incident,27,12,457,220
lg36.jpg,267,189,security incident,1,1,216,72
lg36.jpg,267,189,security incident,3,1,258,184
lg36.jpg,267,189,security incident,71,113,267,188
ATM tampering_4.jpg,275,183,security incident,1,30,140,179
ctpn45.JPEG,474,265,security incident,130,101,457,258
ctpn45.JPEG,474,265,security incident,155,105,276,164
r79.jpg,259,194,security incident,8,4,235,194
r79.jpg,259,194,security incident,63,14,169,181
r79.jpg,259,194,security incident,44,9,230,194
la37.jpg,303,166,security incident,83,1,185,143
n216.jpg,474,266,normal state,17,6,470,266
n216.jpg,474,266,normal state,216,5,431,266
n216.jpg,474,266,normal state,32,4,419,151
n216.jpg,474,266,normal state,218,5,325,180
ctpn38.JPEG,474,638,security incident,24,32,473,632
ctpn38.JPEG,474,638,security incident,8,1,473,583
ctpn38.JPEG,474,638,security incident,96,293,365,610
ctpn40.JPEG,474,355,security incident,90,2,473,308
ctpn40.JPEG,474,355,security incident,85,1,266,225
n177.jpg,474,547,normal state,72,63,420,455
n177.jpg,474,547,normal state,102,174,302,441
n177.jpg,474,547,normal state,108,254,279,398
atm3.jpg,600,300,security incident,12,9,600,288
atm3.jpg,600,300,security incident,314,74,598,295
atm3.jpg,600,300,security incident,298,1,595,300
m41.jpg,474,210,security incident,85,29,341,209
os28.jpg,259,194,security incident,41,38,193,152
os28.jpg,259,194,security incident,55,48,175,140
sk25.jpg,213,237,security incident,66,46,93,93
oc56.jpg,474,482,security incident,117,36,345,276
oc56.jpg,474,482,security incident,103,5,388,368
oc56.jpg,474,482,security incident,1,17,473,481
oc56.jpg,474,482,security incident,136,42,320,281
oc56.jpg,474,482,security incident,142,80,314,254
cash tpn41.jpg,474,355,security incident,3,1,470,330
cash tpn41.jpg,474,355,security incident,15,12,353,223
cash tpn41.jpg,474,355,security incident,50,22,359,206
cash tpn41.jpg,474,355,security incident,14,2,473,238
cash tpn41.jpg,474,355,security incident,1,1,429,352
pa112.png,224,224,security incident,4,84,224,160
pa112.png,224,224,security incident,1,80,142,168
j11.jpg,311,162,security incident,101,1,177,84
j11.jpg,311,162,security incident,101,6,302,116
n171.jpg,474,327,normal state,13,11,468,327
n171.jpg,474,327,normal state,135,16,441,323
pa110.jpg,225,225,security incident,137,15,225,204
j31.jpg,263,192,security incident,53,2,263,189
r114.jpg,290,174,security incident,31,10,263,174
r114.jpg,290,174,security incident,46,20,167,169
r114.jpg,290,174,security incident,92,44,169,174
r114.jpg,290,174,security incident,46,21,164,174
r94.jpg,300,168,security incident,32,6,300,167
oc45.jpg,474,474,security incident,107,16,365,474
oc45.jpg,474,474,security incident,190,9,330,136
oc45.jpg,474,474,security incident,90,10,474,471
j27.jpg,299,168,security incident,128,38,194,160
pa162.jpg,277,182,security incident,8,10,276,180
pa162.jpg,277,182,security incident,14,21,204,177
pa162.jpg,277,182,security incident,113,75,259,182
la42.jpg,189,267,security incident,42,16,83,131
la42.jpg,189,267,security incident,40,5,189,250
n219.jpg,474,266,normal state,104,7,237,266
n195.jpg,474,355,normal state,9,5,471,355
n195.jpg,474,355,normal state,183,10,432,355
atm11.jpg,317,159,security incident,62,22,299,158
atm11.jpg,317,159,security incident,133,9,313,158
n237.jpg,474,494,normal state,10,82,466,436
trf43.jpg,300,168,security incident,82,17,270,97
trf16.jpg,275,183,security incident,9,8,212,63
n178.jpg,450,800,normal state,116,345,290,773
cash tpn55.jpg,474,125,security incident,326,4,418,45
n249.jpg,474,315,normal state,7,2,474,312
n249.jpg,474,315,normal state,163,3,359,315
n249.jpg,474,315,normal state,148,11,387,192
trf18.jpg,259,194,security incident,13,25,147,149
n239.jpg,474,337,normal state,18,1,450,337
n239.jpg,474,337,normal state,121,1,453,337
n239.jpg,474,337,normal state,75,1,473,251
n239.jpg,474,337,normal state,120,11,393,337
n239.jpg,474,337,normal state,242,5,398,333
n239.jpg,474,337,normal state,285,129,391,311
n262.jpg,400,267,normal state,9,5,400,266
n262.jpg,400,267,normal state,16,65,221,267
n262.jpg,400,267,normal state,82,9,315,267
n262.jpg,400,267,normal state,4,5,400,219
pa142.jpg,300,168,security incident,84,42,280,168
pa142.jpg,300,168,security incident,70,6,295,160
la16.JPEG,398,559,security incident,76,150,340,256
cash tpn61.jpg,474,346,security incident,10,6,473,333
cash tpn61.jpg,474,346,security incident,92,7,465,264
cash tpn61.jpg,474,346,security incident,271,5,469,346
n296.jpg,474,316,normal state,23,7,473,310
n296.jpg,474,316,normal state,39,93,319,316
oc49.jpg,474,266,security incident,53,7,325,249
oc49.jpg,474,266,security incident,226,11,434,262
oc49.jpg,474,266,security incident,85,10,227,165
cash tpn35.jpg,474,257,security incident,12,5,474,254
cash tpn35.jpg,474,257,security incident,368,3,445,111
cash tpn35.jpg,474,257,security incident,328,7,474,225
n74.jpg,474,474,normal state,36,60,473,464
n74.jpg,474,474,normal state,52,175,394,474
n74.jpg,474,474,normal state,15,3,473,466
n74.jpg,474,474,normal state,12,134,344,430
n74.jpg,474,474,normal state,69,185,406,415
n187.jpg,474,252,normal state,4,11,456,251
n187.jpg,474,252,normal state,12,8,80,252
n187.jpg,474,252,normal state,74,16,183,252
n187.jpg,474,252,normal state,174,1,341,252
n187.jpg,474,252,normal state,338,66,468,140
n187.jpg,474,252,normal state,3,5,464,161
n170.jpg,474,266,normal state,8,2,473,265
n170.jpg,474,266,normal state,245,5,473,266
n224.jpg,474,266,normal state,25,5,473,263
n224.jpg,474,266,normal state,10,60,370,260
n224.jpg,474,266,normal state,66,5,394,266
oc73.jpg,474,626,security incident,83,15,474,546
oc73.jpg,474,626,security incident,44,11,474,443
oc73.jpg,474,626,security incident,106,3,472,434
oc73.jpg,474,626,security incident,56,48,474,393
pa147.jpg,301,167,security incident,33,33,170,167
oc50.jpg,474,474,security incident,70,53,428,473
oc50.jpg,474,474,security incident,43,11,420,466
m38.jpg,474,273,security incident,4,64,267,187
j25.png,650,575,security incident,231,93,409,575
m27.jpg,474,206,security incident,5,2,468,206
cash tpn31.jpg,474,315,security incident,100,127,474,313
cash tpn31.jpg,474,315,security incident,125,5,427,120
cash tpn31.jpg,474,315,security incident,8,1,474,307
sk17.jpg,265,190,security incident,24,9,265,166
sk17.jpg,265,190,security incident,35,7,265,176
sk17.jpg,265,190,security incident,48,17,166,172
pa131.jpg,300,168,security incident,28,3,147,168
m24.jpg,474,221,security incident,33,1,435,203
m24.jpg,474,221,security incident,43,31,429,134
fa9.jpg,276,182,security incident,8,1,272,182
fa9.jpg,276,182,security incident,55,74,262,166
r39.jpg,260,194,security incident,34,7,260,188
la38.jpg,263,192,security incident,107,15,250,192
la38.jpg,263,192,security incident,89,2,263,175
fa5.jpg,277,182,security incident,12,1,275,181
fa5.jpg,277,182,security incident,5,2,267,124
fa5.jpg,277,182,security incident,9,4,211,176
m40.jpg,474,247,security incident,26,14,133,247
pa174.jpg,298,169,security incident,28,33,140,134
pa174.jpg,298,169,security incident,27,25,178,143
oc23.jpg,385,385,security incident,97,54,211,270
oc23.jpg,385,385,security incident,93,4,310,316
n199.jpg,300,199,normal state,8,1,299,190
n199.jpg,300,199,normal state,32,3,235,161
n256.jpg,474,316,normal state,7,5,470,316
n256.jpg,474,316,normal state,33,120,412,316
n288.jpg,474,262,normal state,24,3,473,262
n288.jpg,474,262,normal state,322,13,474,260
os26.jpg,300,168,security incident,17,3,300,166
os26.jpg,300,168,security incident,34,24,227,155
os26.jpg,300,168,security incident,47,29,207,145
n229.jpg,474,539,normal state,103,147,416,495
oc34.jpg,474,355,security incident,190,74,364,344
oc34.jpg,474,355,security incident,178,76,346,212
pa164.jpg,259,194,security incident,5,5,259,193
r88.jpg,275,183,security incident,64,5,274,183
r88.jpg,275,183,security incident,82,2,206,145
n79.jpg,474,948,normal state,92,24,385,948
ctpn33.JPG,220,300,security incident,16,35,183,278
m49.jpg,474,204,security incident,7,66,456,199
m49.jpg,474,204,security incident,5,59,153,191
r115.jpg,259,194,security incident,25,2,215,194
r115.jpg,259,194,security incident,145,39,219,194
n266.jpg,474,218,normal state,4,6,469,218
n266.jpg,474,218,normal state,130,1,460,216
n266.jpg,474,218,normal state,78,46,420,169
n264.jpg,347,280,normal state,13,4,347,260
n264.jpg,347,280,normal state,2,3,226,258
n264.jpg,347,280,normal state,8,6,308,180
ATM tampering_1.jpg,275,183,security incident,1,3,275,118
ATM tampering_1.jpg,275,183,security incident,3,3,275,180
card s1.jpg,259,194,security incident,5,5,253,194
r63.jpg,276,183,security incident,13,3,273,183
r63.jpg,276,183,security incident,21,3,213,183
r63.jpg,276,183,security incident,8,7,262,78
oc60.jpg,300,470,security incident,78,13,227,197
oc60.jpg,300,470,security incident,82,77,181,137
os27.jpg,219,224,security incident,4,2,219,188
os27.jpg,219,224,security incident,25,74,211,195
os47.jpg,301,167,security incident,5,2,294,158
os47.jpg,301,167,security incident,36,6,249,152
r93.jpg,253,199,security incident,115,20,253,195
ATM tampering_3.jpg,275,183,security incident,10,30,227,122
oc48.jpg,338,225,security incident,24,2,211,225
oc48.jpg,338,225,security incident,18,1,171,115
r41.jpg,216,233,security incident,52,33,180,152
r41.jpg,216,233,security incident,67,26,175,146
pa101.jpg,300,168,security incident,7,4,261,168
pa101.jpg,300,168,security incident,75,38,231,150
r47.jpg,1600,1167,security incident,105,21,1600,672
m31.jpg,474,342,security incident,36,110,341,295
m31.jpg,474,342,security incident,125,143,268,273
atm.jpg,225,225,security incident,34,15,182,192
atm.jpg,225,225,security incident,51,27,127,177
trf17.jpg,300,168,security incident,14,4,267,168
oc67.jpg,340,270,security incident,182,33,294,222
oc67.jpg,340,270,security incident,7,10,146,270
oc67.jpg,340,270,security incident,8,27,287,205
ctpn27.JPEG,474,316,security incident,5,77,233,164
ctpn27.JPEG,474,316,security incident,315,50,335,82
ctpn27.JPEG,474,316,security incident,254,166,474,314
n255.jpg,474,315,normal state,1,5,474,313
n255.jpg,474,315,normal state,285,34,473,315
r107.jpg,287,176,security incident,33,1,287,141
j18.jpg,466,108,security incident,306,21,334,72
pa136.jpg,259,194,security incident,20,4,259,193
pa136.jpg,259,194,security incident,69,3,256,180
r60.jpg,177,285,security incident,6,3,177,271
trf21.jpg,300,168,security incident,25,7,294,132
pa144.jpg,299,168,security incident,149,17,266,143
n287.jpg,450,320,normal state,110,1,435,139
n287.jpg,450,320,normal state,110,12,290,136
cash tpn60.jpg,474,296,security incident,216,70,421,296
r104.jpg,266,189,security incident,1,7,263,172
r104.jpg,266,189,security incident,75,14,263,159
n176.jpg,225,300,normal state,72,38,165,265
n176.jpg,225,300,normal state,82,165,163,249
cash tpn50.jpg,474,308,security incident,95,5,272,53
cash tpn64.jpg,288,216,security incident,129,27,235,179
pa124.jpg,299,168,security incident,60,6,299,165
r100.jpg,1077,1030,security incident,35,10,780,1030
r62.jpg,259,194,security incident,37,16,255,194
r62.jpg,259,194,security incident,97,27,192,139
n278.jpg,474,262,normal state,9,3,474,259
n278.jpg,474,262,normal state,10,4,304,262
n278.jpg,474,262,normal state,183,6,473,262
n278.jpg,474,262,normal state,7,68,319,262
j29.jpg,259,194,security incident,70,75,183,170
jj.jpg,315,160,security incident,8,9,152,132
jj.jpg,315,160,security incident,14,14,152,73
n226.jpg,474,355,normal state,10,5,473,333
n226.jpg,474,355,normal state,78,171,343,347
n226.jpg,474,355,normal state,165,161,343,325
ctpn18.JPEG,474,276,security incident,6,16,474,269
ctpn18.JPEG,474,276,security incident,13,66,454,258
ctpn18.JPEG,474,276,security incident,27,85,445,272
cash tpn48.jpg,474,287,security incident,38,2,379,287
la17.JPEG,474,248,security incident,9,3,465,237
la17.JPEG,474,248,security incident,283,3,465,245
r48.jpg,262,192,security incident,16,1,262,160
r48.jpg,262,192,security incident,95,6,261,174
r48.jpg,262,192,security incident,86,83,220,183
pa71.jpg,299,168,security incident,4,2,295,168
pa71.jpg,299,168,security incident,43,16,232,168
ctpn21.JPEG,474,334,security incident,90,44,360,284
ctpn21.JPEG,474,334,security incident,111,93,265,272
lg1.jpg,277,182,security incident,75,18,183,65
lg1.jpg,277,182,security incident,63,5,205,182
pa171.jpg,432,319,security incident,30,172,217,319
pa171.jpg,432,319,security incident,17,11,209,155
pa171.jpg,432,319,security incident,235,15,424,160
m25.jpg,474,247,security incident,1,1,265,246
m25.jpg,474,247,security incident,8,5,279,121
m25.jpg,474,247,security incident,1,9,164,228
cash tpn63.jpg,451,197,security incident,129,7,354,60
j22.jpg,275,183,security incident,2,3,270,183
j22.jpg,275,183,security incident,9,12,193,183
la31.JPEG,375,210,security incident,138,13,298,206
la31.JPEG,375,210,security incident,158,25,280,203
r89.jpg,299,168,security incident,61,4,214,156
m78.jpg,410,172,security incident,6,8,408,172
pa92.jpg,300,168,security incident,9,8,283,168
pa92.jpg,300,168,security incident,37,5,274,168
pa92.jpg,300,168,security incident,71,8,271,168
r74.jpg,301,167,security incident,4,2,147,167
r74.jpg,301,167,security incident,1,46,301,166
n270.jpg,260,280,normal state,25,9,239,262
m46.jpg,474,316,security incident,155,188,200,219
r91.jpg,300,168,security incident,94,15,214,168
m45.jpg,474,355,security incident,33,301,180,355
n260.jpg,474,360,normal state,10,8,469,318
n260.jpg,474,360,normal state,19,15,243,231
n260.jpg,474,360,normal state,237,9,474,310
n260.jpg,474,360,normal state,123,5,238,312
n260.jpg,474,360,normal state,8,11,466,201
la39.jpg,275,183,security incident,108,72,195,135
la39.jpg,275,183,security incident,65,25,219,183
ctpn25.JPEG,320,209,security incident,3,2,320,208
ctpn25.JPEG,320,209,security incident,13,43,299,165
ctpn25.JPEG,320,209,security incident,7,14,318,159
n196.jpg,474,316,normal state,13,7,474,310
n196.jpg,474,316,normal state,23,1,385,237
n196.jpg,474,316,normal state,198,45,418,244
cash tpn27.jpg,474,355,security incident,6,57,473,332
cash tpn27.jpg,474,355,security incident,39,110,390,241
cash tpn27.jpg,474,355,security incident,25,92,465,275
camera break.jpg,2048,1366,security incident,89,35,1215,1366
camera break.jpg,2048,1366,security incident,133,341,1180,1169
camera break.jpg,2048,1366,security incident,58,35,1999,778
camera break.jpg,2048,1366,security incident,17,10,1131,1366
n188.jpg,474,355,normal state,5,7,474,350
n188.jpg,474,355,normal state,4,1,455,271
n188.jpg,474,355,normal state,30,7,316,355
la30.JPEG,474,319,security incident,6,16,455,304
la30.JPEG,474,319,security incident,32,57,422,307
oc43.jpg,474,677,security incident,40,15,389,251
oc43.jpg,474,677,security incident,110,91,250,252
pa169.jpg,262,192,security incident,33,4,192,130
pa169.jpg,262,192,security incident,173,106,251,165
n251.jpg,474,632,normal state,82,14,474,610
n251.jpg,474,632,normal state,60,10,363,224
n179.jpg,474,355,normal state,12,90,474,353
n179.jpg,474,355,normal state,230,130,474,345
n179.jpg,474,355,normal state,250,141,460,247
j15.jpg,299,168,security incident,13,14,225,168
j15.jpg,299,168,security incident,4,5,138,153
j15.jpg,299,168,security incident,9,11,135,163
j15.jpg,299,168,security incident,8,12,185,121
j15.jpg,299,168,security incident,1,2,299,163
pa68.jpg,268,188,security incident,4,3,265,175
pa68.jpg,268,188,security incident,12,20,208,152
pa68.jpg,268,188,security incident,15,8,198,149
pa68.jpg,268,188,security incident,18,23,85,134
pa114.jpg,275,183,security incident,8,3,234,183
skim 3.jpg,290,174,security incident,1,12,152,174
skim 3.jpg,290,174,security incident,162,5,290,142
r103.jpg,226,223,security incident,92,5,226,218
oc41.jpg,474,716,security incident,61,105,462,576
r40.jpg,268,188,security incident,17,3,268,124
r40.jpg,268,188,security incident,30,16,231,108
m76.jpg,474,474,security incident,3,3,473,453
m72.jpg,474,237,security incident,56,5,83,18
n243.jpg,333,650,normal state,4,3,333,604
n243.jpg,333,650,normal state,43,85,301,650
n243.jpg,333,650,normal state,6,73,333,427
n243.jpg,333,650,normal state,73,147,248,498
n173.jpg,474,263,normal state,5,2,474,256
n173.jpg,474,263,normal state,64,1,460,261
n173.jpg,474,263,normal state,190,73,471,240
pa106.jpg,274,184,security incident,23,18,244,152
pa106.jpg,274,184,security incident,12,13,161,127
pa179.jpg,250,160,security incident,10,4,173,149
pa179.jpg,250,160,security incident,55,2,209,160
m23.jpg,474,474,security incident,121,117,361,456
m23.jpg,474,474,security incident,138,123,349,428
n194.jpg,250,250,normal state,69,1,191,250
pa154.jpg,300,168,security incident,4,4,299,162
pa154.jpg,300,168,security incident,10,4,203,142
oc26.jpg,474,237,security incident,107,7,411,237
oc26.jpg,474,237,security incident,130,21,336,237
la29.JPEG,474,282,security incident,75,14,160,60
m70.jpg,474,221,security incident,60,22,403,221
os35.jpg,275,183,security incident,6,4,272,182
os35.jpg,275,183,security incident,37,11,257,183
os35.jpg,275,183,security incident,52,25,200,142
os35.jpg,275,183,security incident,67,31,187,124
n71.jpg,474,427,normal state,126,82,470,398
n71.jpg,474,427,normal state,166,202,464,376
n71.jpg,474,427,normal state,290,243,406,356
j30.jpg,189,267,security incident,9,7,189,190
atm14.jpg,276,183,security incident,16,34,267,161
n221.jpg,299,470,normal state,12,107,289,299
n221.jpg,299,470,normal state,46,189,271,283
n197.jpg,474,632,normal state,7,9,471,632
n197.jpg,474,632,normal state,18,12,469,327
cash tpn40.jpg,474,315,security incident,266,89,415,232
n182.jpg,474,493,normal state,171,26,425,493
n263.jpg,474,315,normal state,11,10,418,315
pa77.jpg,225,225,security incident,17,5,225,219
pa77.jpg,225,225,security incident,12,5,219,202
pa77.jpg,225,225,security incident,9,2,220,119
n68.jpg,474,626,normal state,1,11,474,557
n68.jpg,474,626,normal state,20,13,376,305
trf47.jpg,275,183,security incident,10,11,262,183
trf47.jpg,275,183,security incident,14,1,181,183
j14.jpg,239,211,security incident,82,92,157,187
pa175.jpg,259,194,security incident,153,53,233,99
pa175.jpg,259,194,security incident,162,119,234,192
r71.jpg,271,186,security incident,68,62,145,186
pa143.jpg,265,190,security incident,7,4,261,172
pa143.jpg,265,190,security incident,78,1,265,175
pa143.jpg,265,190,security incident,70,1,145,119
n245.jpg,474,316,normal state,15,5,459,316
n245.jpg,474,316,normal state,22,1,220,316
n245.jpg,474,316,normal state,233,6,474,312
n245.jpg,474,316,normal state,9,1,474,226
n75.jpg,474,355,normal state,65,9,354,344
r65.jpg,244,207,security incident,8,3,226,174
r65.jpg,244,207,security incident,6,4,234,109
n275.jpg,474,360,normal state,10,63,466,326
n275.jpg,474,360,normal state,8,64,233,321
n275.jpg,474,360,normal state,120,71,343,332
ctpn19.JPEG,474,293,security incident,80,5,419,284
ctpn19.JPEG,474,293,security incident,93,6,395,160
ctpn19.JPEG,474,293,security incident,142,14,344,137
ctpn19.JPEG,474,293,security incident,137,4,354,293
r112.jpg,300,168,security incident,35,16,276,168
r75.jpg,275,183,security incident,40,2,244,183
r75.jpg,275,183,security incident,94,77,266,183
r75.jpg,275,183,security incident,165,12,246,177
fake keypad.jpg,432,319,security incident,21,169,210,319
fake keypad.jpg,432,319,security incident,223,174,417,314
fake keypad.jpg,432,319,security incident,19,16,209,134
fake keypad.jpg,432,319,security incident,228,17,426,158
n222.jpg,474,316,normal state,7,2,473,312
n222.jpg,474,316,normal state,18,7,241,307
n222.jpg,474,316,normal state,253,10,474,175
n222.jpg,474,316,normal state,116,1,252,265
n222.jpg,474,316,normal state,2,1,474,182
pa86.jpg,225,225,security incident,16,2,224,214
pa86.jpg,225,225,security incident,116,3,225,211
pa86.jpg,225,225,security incident,96,3,224,140
pa148.jpg,235,214,security incident,5,5,233,214
pa148.jpg,235,214,security incident,28,94,232,214
pa148.jpg,235,214,security incident,65,9,232,214
pa140.jpg,300,168,security incident,8,8,141,165
pa140.jpg,300,168,security incident,17,4,128,164
os55.jpg,259,194,security incident,2,2,258,194
os55.jpg,259,194,security incident,38,22,257,194
os55.jpg,259,194,security incident,66,37,190,136
pa64.jpg,259,194,security incident,6,7,153,191
pa64.jpg,259,194,security incident,41,18,167,190
pa146.jpg,311,162,security incident,87,3,311,161
trf44.jpg,300,168,security incident,56,8,195,168
la27.JPEG,474,521,security incident,35,174,350,521
la27.JPEG,474,521,security incident,79,255,337,465
pa158.jpg,267,189,security incident,3,5,246,189
pa158.jpg,267,189,security incident,21,81,249,189
pa158.jpg,267,189,security incident,5,43,263,189
r86.jpg,480,270,security incident,268,11,350,128
skimming.jpg,482,480,security incident,21,35,481,402
skimming.jpg,482,480,security incident,200,105,430,270
pa99.jpg,275,183,security incident,17,2,110,182
pa99.jpg,275,183,security incident,9,1,275,161
pa99.jpg,275,183,security incident,104,1,182,88
pa99.jpg,275,183,security incident,2,8,262,84
at10.jpg,224,225,security incident,4,4,223,225
oc61.jpg,474,248,security incident,150,5,424,248
oc61.jpg,474,248,security incident,210,2,361,213
oc61.jpg,474,248,security incident,160,37,409,248
la32.JPEG,474,278,security incident,71,51,274,273
la32.JPEG,474,278,security incident,69,88,315,273
os22.jpg,225,225,security incident,47,38,174,185
os22.jpg,225,225,security incident,55,67,154,174
os22.jpg,225,225,security incident,64,73,131,131
m63.jpg,474,266,security incident,70,122,338,266
pa83.png,294,171,security incident,3,5,130,128
pa83.png,294,171,security incident,1,2,284,170
pa183.jpg,265,190,security incident,30,15,215,114
pa183.jpg,265,190,security incident,27,14,160,173
pa183.jpg,265,190,security incident,43,35,137,109
pa78.jpg,447,113,security incident,11,15,238,113
pa78.jpg,447,113,security incident,25,18,180,113
pa78.jpg,447,113,security incident,2,2,446,101
pa78.jpg,447,113,security incident,7,7,240,113
la33.JPEG,474,291,security incident,305,148,395,246
pa66.jpg,299,169,security incident,80,5,173,83
pa155.jpg,270,187,security incident,122,18,226,184
pa155.jpg,270,187,security incident,54,3,235,172
r105.jpg,188,268,security incident,5,9,188,201
r105.jpg,188,268,security incident,110,9,174,248
r105.jpg,188,268,security incident,84,3,184,188
n297.jpg,474,355,normal state,117,2,474,241
n297.jpg,474,355,normal state,102,2,474,352
n297.jpg,474,355,normal state,144,19,366,197
n297.jpg,474,355,normal state,145,1,382,256
pa125.jpg,290,174,security incident,50,4,253,142
pa125.jpg,290,174,security incident,149,24,256,144
pa125.jpg,290,174,security incident,43,6,285,90
m48.jpg,474,328,security incident,30,8,420,325
m48.jpg,474,328,security incident,155,42,425,322
pa172.jpg,300,168,security incident,28,4,112,168
pa116.png,306,165,security incident,50,52,260,148
pa116.png,306,165,security incident,60,64,250,124
pa178.jpg,234,215,security incident,2,3,233,208
pa178.jpg,234,215,security incident,30,1,232,130
pa178.jpg,234,215,security incident,105,3,208,162
j13.jpg,275,183,security incident,14,39,196,163
os21.jpg,259,194,security incident,33,20,222,190
os21.jpg,259,194,security incident,38,28,205,136
os21.jpg,259,194,security incident,37,26,254,173
skm.jpg,259,194,security incident,111,7,165,61
n189.jpg,474,355,normal state,8,9,474,349
n189.jpg,474,355,normal state,5,3,236,355
n189.jpg,474,355,normal state,264,10,474,350
n189.jpg,474,355,normal state,24,114,186,290
oc69.jpg,474,355,security incident,106,60,386,355
oc69.jpg,474,355,security incident,78,92,415,285
oc69.jpg,474,355,security incident,206,82,368,276
oc69.jpg,474,355,security incident,195,118,295,255
n259.jpg,474,266,normal state,18,1,473,266
n259.jpg,474,266,normal state,81,13,307,266
n259.jpg,474,266,normal state,88,6,464,266
n259.jpg,474,266,normal state,25,5,474,194
r81.jpg,260,194,security incident,40,3,260,190
pa60.jpg,311,162,security incident,11,6,311,122
pa60.jpg,311,162,security incident,19,3,150,124
pa60.jpg,311,162,security incident,178,1,311,117
r42.jpg,268,188,security incident,15,10,266,182
r42.jpg,268,188,security incident,7,5,262,71
r42.jpg,268,188,security incident,2,59,256,188
r106.jpg,269,187,security incident,28,25,225,187
r106.jpg,269,187,security incident,43,17,195,163
n257.jpg,474,362,normal state,31,18,473,342
n257.jpg,474,362,normal state,21,10,178,318
n257.jpg,474,362,normal state,10,8,268,297
n257.jpg,474,362,normal state,47,8,240,274
n257.jpg,474,362,normal state,10,1,466,196
n257.jpg,474,362,normal state,99,3,445,165
n257.jpg,474,362,normal state,15,5,338,250
ATM tampering_2.jpg,275,183,security incident,4,91,183,183
pa57.jpg,259,194,security incident,60,21,244,174
pa57.jpg,259,194,security incident,76,30,240,122
n231.jpg,474,379,normal state,10,32,333,271
la18.JPEG,474,265,security incident,137,8,474,205
la18.JPEG,474,265,security incident,335,13,461,205
n281.jpg,474,316,normal state,264,53,470,316
n225.jpg,474,266,normal state,20,4,474,257
n225.jpg,474,266,normal state,225,4,474,259
n225.jpg,474,266,normal state,5,8,439,247
oc68.jpg,474,711,security incident,14,26,474,438
oc68.jpg,474,711,security incident,201,142,432,423
oc68.jpg,474,711,security incident,4,17,474,679
trf30.jpg,289,174,security incident,4,10,135,174
trf27.jpg,271,186,security incident,63,13,222,116
trf27.jpg,271,186,security incident,64,25,203,120
pa150.jpg,480,360,security incident,5,44,479,349
pa150.jpg,480,360,security incident,1,47,218,292
trf34.jpg,177,285,security incident,9,10,90,242
sk14.jpg,268,188,security incident,11,4,206,188
sk14.jpg,268,188,security incident,96,50,205,163
sk32.jpg,161,313,security incident,2,4,102,313
cash tpn52.jpg,474,474,security incident,6,191,208,443
pa160.jpg,277,182,security incident,10,5,272,111
pa160.jpg,277,182,security incident,8,6,120,178
pa160.jpg,277,182,security incident,160,7,277,181
r69.jpg,278,181,security incident,1,1,278,179
pa157.jpg,1200,900,security incident,3,5,622,899
pa157.jpg,1200,900,security incident,7,3,1200,589
pa157.jpg,1200,900,security incident,256,10,638,499
trf19.jpg,300,168,security incident,5,3,250,71
oc25.jpg,474,649,security incident,65,26,395,295
oc25.jpg,474,649,security incident,2,15,474,597
oc25.jpg,474,649,security incident,17,175,293,430
oc25.jpg,474,649,security incident,107,35,455,309
pa80.jpg,201,250,security incident,14,37,196,249
pa80.jpg,201,250,security incident,18,49,184,199
pa80.jpg,201,250,security incident,20,32,177,190
r99.jpg,300,225,security incident,9,4,296,225
r99.jpg,300,225,security incident,37,18,180,225
n78.jpg,474,394,normal state,38,117,468,369
n78.jpg,474,394,normal state,92,122,470,361
n78.jpg,474,394,normal state,313,246,468,346
cash tpn24.jpg,474,316,security incident,13,63,213,172
cash tpn24.jpg,474,316,security incident,141,199,463,309
pa163.jpg,277,182,security incident,12,5,198,162
cash tpn43.jpg,474,293,security incident,69,1,405,293
cash tpn43.jpg,474,293,security incident,141,6,345,179
os43.jpg,183,275,security incident,5,2,181,275
fa6.jpg,275,183,security incident,15,4,270,183
fa6.jpg,275,183,security incident,119,9,273,137
cash tpn32.jpg,474,355,security incident,5,3,471,355
cash tpn32.jpg,474,355,security incident,28,99,473,328
cash tpn32.jpg,474,355,security incident,75,105,420,325
n236.jpg,474,287,normal state,8,3,474,281
n236.jpg,474,287,normal state,21,10,196,282
n236.jpg,474,287,normal state,175,3,380,281
n236.jpg,474,287,normal state,365,6,472,287
n236.jpg,474,287,normal state,5,5,474,178
atm im 1.jpg,192,263,security incident,17,25,89,251
ctpn35.JPEG,474,315,security incident,48,37,280,182
m32.jpg,474,261,security incident,67,10,363,249
m32.jpg,474,261,security incident,88,88,351,255
pa59.jpg,299,168,security incident,9,6,169,168
pa59.jpg,299,168,security incident,13,74,93,168
n202.jpg,450,318,normal state,15,3,450,306
n202.jpg,450,318,normal state,38,5,329,318
trf32.jpg,276,183,security incident,19,31,232,179
n300.jpg,474,270,normal state,23,9,474,267
n300.jpg,474,270,normal state,45,43,258,270
cash tpn54.jpg,474,315,security incident,255,37,474,310
cash tpn54.jpg,474,315,security incident,18,1,474,313
cash tpn54.jpg,474,315,security incident,4,2,471,267
os30.jpg,194,259,security incident,14,68,144,140
os30.jpg,194,259,security incident,2,3,194,224
pa127.jpg,299,168,security incident,72,2,293,168
pa127.jpg,299,168,security incident,130,24,220,168
la20.JPEG,250,250,security incident,4,1,216,70
la20.JPEG,250,250,security incident,3,2,247,250
la20.JPEG,250,250,security incident,8,1,229,166
pa149.jpg,750,500,security incident,140,271,230,323
pa149.jpg,750,500,security incident,498,83,538,135
m67.jpg,474,241,security incident,13,14,330,241
os53.jpg,275,183,security incident,97,4,197,183
cash tpn62.jpg,474,566,security incident,57,56,466,566
cash tpn62.jpg,474,566,security incident,52,63,299,310
cash tpn62.jpg,474,566,security incident,92,138,284,300
n217.jpg,390,399,normal state,1,18,200,399
n217.jpg,390,399,normal state,4,5,390,309
n217.jpg,390,399,normal state,17,177,255,399
r92.jpg,300,168,security incident,4,2,297,160
r77.jpg,1400,1181,security incident,65,153,1400,1178
pa82.jpg,194,259,security incident,6,4,191,254
pa82.jpg,194,259,security incident,2,5,174,241
cash tpn38.jpg,474,769,security incident,40,455,161,591
cash tpn38.jpg,474,769,security incident,29,617,189,732
cash tpn38.jpg,474,769,security incident,24,300,159,439
trf28.jpg,300,168,security incident,53,7,202,123
cash tpn30.jpg,474,326,security incident,1,87,128,216
pa109.jpg,266,189,security incident,13,38,265,131
pa109.jpg,266,189,security incident,20,58,172,136
ctpn42.JPEG,474,125,security incident,25,2,102,125
ctpn42.JPEG,474,125,security incident,288,1,441,59
pa69.jpg,286,176,security incident,20,6,283,155
pa69.jpg,286,176,security incident,37,5,215,133
pa69.jpg,286,176,security incident,16,4,285,138
oc40.jpg,474,355,security incident,95,30,409,323
j12.jpg,305,165,security incident,21,12,176,165
j12.jpg,305,165,security incident,32,59,142,165
j12.jpg,305,165,security incident,40,69,140,155
oc57.jpg,450,470,security incident,123,32,308,266
m61.jpg,474,315,security incident,88,252,393,294
ATM tampering_5.jpg,275,183,security incident,1,4,138,183
pa128.jpg,97,201,security incident,13,4,97,155
n198.jpg,417,800,normal state,13,6,408,789
n198.jpg,417,800,normal state,9,8,416,506
pa168.jpg,266,190,security incident,115,76,236,190
fa10.jpg,194,259,security incident,4,10,191,259
fa10.jpg,194,259,security incident,20,101,191,256
n181.jpg,403,537,normal state,65,6,318,537
n298.jpg,474,316,normal state,53,3,473,307
n298.jpg,474,316,normal state,125,2,459,316
n298.jpg,474,316,normal state,152,81,334,316
n298.jpg,474,316,normal state,171,122,429,312
n298.jpg,474,316,normal state,189,4,454,316
n298.jpg,474,316,normal state,13,9,474,290
n298.jpg,474,316,normal state,173,149,304,282
sk31.jpg,340,148,security incident,100,1,258,41
la28.JPEG,474,474,security incident,27,135,178,354
cash tpn44.jpg,474,338,security incident,23,3,455,338
cash tpn44.jpg,474,338,security incident,30,128,468,338
trf42.jpg,225,225,security incident,49,4,174,224
r84.jpg,300,168,security incident,106,8,300,166
r84.jpg,300,168,security incident,106,40,300,166
n273.jpg,474,316,normal state,4,7,471,316
n273.jpg,474,316,normal state,93,3,473,316
n273.jpg,474,316,normal state,255,5,473,316
n277.jpg,474,266,normal state,10,1,474,255
n277.jpg,474,266,normal state,69,10,431,218
pa120.jpg,225,225,security incident,36,27,224,222
pa120.jpg,225,225,security incident,6,39,181,139
oc71.jpg,474,266,security incident,268,10,474,225
oc71.jpg,474,266,security incident,10,5,285,249
oc71.jpg,474,266,security incident,3,5,473,238
pa104.jpg,299,168,security incident,8,10,237,168
pa104.jpg,299,168,security incident,45,21,217,158
pa104.jpg,299,168,security incident,70,24,217,105
r50.jpg,300,168,security incident,71,10,261,149
trf23.jpg,262,192,security incident,20,7,262,182
n220.jpg,299,470,normal state,16,32,299,469
n220.jpg,299,470,normal state,39,38,299,413
n220.jpg,299,470,normal state,74,229,296,321
n220.jpg,299,470,normal state,60,108,299,295
m64.jpg,300,300,security incident,3,4,299,297
m75.jpg,474,286,security incident,45,13,408,117
r43.jpg,221,228,security incident,25,10,218,228
r43.jpg,221,228,security incident,12,18,219,120
r59.jpg,300,168,security incident,59,2,251,168
trf45.jpg,630,340,security incident,266,63,544,331
n299.jpg,450,358,normal state,140,74,442,207
n299.jpg,450,358,normal state,15,119,442,291
n299.jpg,450,358,normal state,151,104,373,209
trf22.jpg,202,250,security incident,8,6,202,246
trf22.jpg,202,250,security incident,35,15,201,209
pa95.jpg,275,183,security incident,7,34,215,183
pa95.jpg,275,183,security incident,60,46,206,183
la43.jpg,215,235,security incident,1,110,183,211
cash tpn66.jpg,295,287,security incident,6,22,284,287
cash tpn66.jpg,295,287,security incident,1,112,274,254
os34.jpg,299,168,security incident,4,2,295,168
os34.jpg,299,168,security incident,49,10,290,166
os34.jpg,299,168,security incident,74,2,188,168
os34.jpg,299,168,security incident,77,15,182,131
n80.jpg,474,374,normal state,10,142,463,369
n80.jpg,474,374,normal state,11,1,349,374
n80.jpg,474,374,normal state,184,69,323,374
n80.jpg,474,374,normal state,11,59,441,298
n80.jpg,474,374,normal state,8,11,341,319
m35.jpg,474,474,security incident,13,11,474,408
m35.jpg,474,474,security incident,7,8,471,368
trf40.jpg,275,183,security incident,24,15,238,183
trf40.jpg,275,183,security incident,11,6,150,183
n235.jpg,450,450,normal state,88,35,363,291
n235.jpg,450,450,normal state,70,11,356,449
oc53.jpg,474,267,security incident,18,43,245,267
oc53.jpg,474,267,security incident,252,6,465,267
pa182.jpg,265,190,security incident,34,3,265,185
pa182.jpg,265,190,security incident,44,8,207,190
pa182.jpg,265,190,security incident,58,9,199,187
pa182.jpg,265,190,security incident,64,39,153,154
pa119.jpg,265,190,security incident,7,1,206,155
pa119.jpg,265,190,security incident,32,2,202,149
n172.jpg,474,632,normal state,8,10,474,610
n172.jpg,474,632,normal state,20,117,467,588
m51.jpg,474,266,security incident,53,55,238,242
oc42.jpg,474,266,security incident,55,4,435,266
oc42.jpg,474,266,security incident,28,6,422,164
n289.jpg,472,266,normal state,24,8,467,265
oc27.jpg,474,292,security incident,203,3,453,280
oc27.jpg,474,292,security incident,183,46,376,103
oc27.jpg,474,292,security incident,172,4,418,210
r108.jpg,780,520,security incident,395,23,780,502
la44.jpg,299,168,security incident,39,6,244,106
os31.jpg,259,194,security incident,49,43,224,181
os31.jpg,259,194,security incident,59,48,201,140
cash tpn65.jpg,474,316,security incident,49,88,97,168
ctpn23.JPEG,333,187,security incident,27,7,333,182
ctpn23.JPEG,333,187,security incident,66,16,242,187
ctpn23.JPEG,333,187,security incident,17,5,333,151
n213.jpg,213,160,normal state,8,3,197,160
n213.jpg,213,160,normal state,38,6,186,105
n213.jpg,213,160,normal state,33,1,201,160
ctpn43.JPEG,451,300,security incident,186,176,351,279
cash tpn29.jpg,474,474,security incident,24,91,474,392
cash tpn29.jpg,474,474,security incident,21,223,473,409
n232.jpg,450,450,normal state,21,8,450,393
n232.jpg,450,450,normal state,199,74,384,376
n279.jpg,474,266,normal state,37,5,249,266
la21.JPEG,474,314,security incident,23,69,295,307
la21.JPEG,474,314,security incident,104,131,301,221
ctpn26.JPEG,474,355,security incident,95,47,433,253
ctpn26.JPEG,474,355,security incident,183,66,376,226
r87.jpg,620,411,security incident,192,199,620,403
os40.jpg,278,181,security incident,3,4,278,179
os40.jpg,278,181,security incident,12,4,244,144
oc59.jpg,474,348,security incident,41,19,448,260
oc59.jpg,474,348,security incident,141,16,272,128
m73.jpg,474,315,security incident,65,172,242,266
n295.jpg,225,300,normal state,5,6,223,295
n295.jpg,225,300,normal state,9,16,223,271
n295.jpg,225,300,normal state,84,174,225,297
n295.jpg,225,300,normal state,125,224,213,300
n295.jpg,225,300,normal state,105,94,225,286
n180.jpg,474,233,normal state,49,6,474,232
pa74.jpg,260,194,security incident,9,4,250,127
pa74.jpg,260,194,security incident,108,6,241,129
oc63.jpg,474,266,security incident,254,42,474,263
oc63.jpg,474,266,security incident,73,17,279,264
oc63.jpg,474,266,security incident,46,19,474,265
n292.jpg,474,337,normal state,255,240,371,315
j24.jpg,310,162,security incident,2,2,264,140
j24.jpg,310,162,security incident,26,3,206,145
j24.jpg,310,162,security incident,62,14,237,87
os25.jpg,259,194,security incident,1,70,188,142
os25.jpg,259,194,security incident,50,4,259,190
os25.jpg,259,194,security incident,70,42,199,194
r70.jpg,266,189,security incident,5,1,266,188
r70.jpg,266,189,security incident,4,25,215,185
r70.jpg,266,189,security incident,54,23,210,189
pa100.jpg,248,203,security incident,23,20,248,157
pa100.jpg,248,203,security incident,16,11,169,144
pa62.jpg,259,194,security incident,171,1,226,101
pa62.jpg,259,194,security incident,153,1,259,168
atm16.jpg,275,183,security incident,4,4,128,182
atm16.jpg,275,183,security incident,142,8,271,183
trf33.jpg,275,183,security incident,98,68,209,183
pa156.jpg,192,263,security incident,9,8,192,120
pa156.jpg,192,263,security incident,4,12,192,249
cash tpn22.jpg,220,299,security incident,19,70,215,281
cash tpn22.jpg,220,299,security incident,37,141,131,251
cash tpn22.jpg,220,299,security incident,32,105,204,241
cash tpn22.jpg,220,299,security incident,50,149,126,208
n203.jpg,474,141,normal state,200,3,469,116
n203.jpg,474,141,normal state,213,3,353,100
os39.jpg,250,202,security incident,2,4,242,188
os39.jpg,250,202,security incident,33,12,231,158
os39.jpg,250,202,security incident,8,9,248,104
j35.jpg,175,175,security incident,64,15,133,117
j35.jpg,175,175,security incident,1,36,151,141
pa123.jpg,300,168,security incident,8,5,189,160
n208.jpg,148,160,normal state,1,1,69,152
n208.jpg,148,160,normal state,7,5,145,145
n76.jpg,474,345,normal state,304,216,464,345
n265.jpg,474,355,normal state,74,8,460,355
n265.jpg,474,355,normal state,207,5,410,347
n265.jpg,474,355,normal state,81,30,433,300
pa98.jpg,269,187,security incident,4,1,265,187
pa98.jpg,269,187,security incident,2,1,244,138
pa98.jpg,269,187,security incident,9,22,231,104
trf 13.jpg,259,194,security incident,54,2,213,91
pa134.jpg,300,168,security incident,208,4,256,167
n301.jpg,474,760,normal state,93,138,459,623
n301.jpg,474,760,normal state,164,241,394,531
n301.jpg,474,760,normal state,186,253,346,497
m34.jpg,474,256,security incident,33,6,339,255
os29.jpg,263,191,security incident,8,7,263,186
os29.jpg,263,191,security incident,35,21,251,162
os29.jpg,263,191,security incident,67,60,205,138
m79.jpg,180,140,security incident,145,47,180,107
ctpn36.JPEG,474,315,security incident,53,112,206,255
n283.jpg,474,316,normal state,280,9,370,255
n283.jpg,474,316,normal state,258,1,470,316
n283.jpg,474,316,normal state,10,1,125,316
n283.jpg,474,316,normal state,122,1,268,306
n283.jpg,474,316,normal state,5,7,474,162
la24.JPEG,474,286,security incident,22,3,286,286
la24.JPEG,474,286,security incident,120,4,291,286
pa132.jpg,299,168,security incident,18,12,204,168
pa132.jpg,299,168,security incident,40,59,136,168
oc64.jpg,474,267,security incident,59,9,466,267
oc64.jpg,474,267,security incident,130,6,373,223
oc64.jpg,474,267,security incident,160,5,343,213
pa129.jpg,262,192,security incident,40,12,171,163
pa129.jpg,262,192,security incident,31,44,156,172
atm 4.jpg,275,183,security incident,20,11,106,61
r67.jpg,300,168,security incident,138,74,233,151
cash tpn36.jpg,474,125,security incident,107,37,205,60
sk19.jpg,300,168,security incident,138,6,254,127
r66.jpg,259,194,security incident,79,10,194,164
skk.jpg,275,183,security incident,25,4,275,182
r38.jpg,266,189,security incident,69,6,233,63
cash tpn51.jpg,474,638,security incident,94,363,361,558
cash tpn51.jpg,474,638,security incident,41,312,473,630
n286.jpg,474,355,normal state,82,2,474,342
n286.jpg,474,355,normal state,273,38,474,301
oc58.jpg,300,157,security incident,117,36,257,157
n242.jpg,474,309,normal state,50,5,443,280
n242.jpg,474,309,normal state,213,16,433,267
n191.jpg,250,250,normal state,85,16,185,250
pa165.jpg,275,183,security incident,103,100,160,164
ctpn20.JPEG,474,284,security incident,4,11,269,284
ctpn20.JPEG,474,284,security incident,1,6,463,277
ctpn20.JPEG,474,284,security incident,31,59,255,276
ctpn20.JPEG,474,284,security incident,83,134,263,277
ctpn20.JPEG,474,284,security incident,3,85,474,283
m33.jpg,474,315,security incident,73,71,200,315
n77.jpg,474,369,normal state,50,6,471,369
n77.jpg,474,369,normal state,68,45,474,317
n77.jpg,474,369,normal state,75,157,470,282
r80.jpg,299,168,security incident,132,7,294,160
r55.jpg,303,166,security incident,61,2,232,165
trf48.jpg,168,300,security incident,20,109,168,287
atm7.jpg,259,194,security incident,101,28,163,85
r111.jpg,800,450,security incident,93,6,752,448
r111.jpg,800,450,security incident,355,80,750,450
pa91.jpg,275,183,security incident,13,22,210,178
pa91.jpg,275,183,security incident,85,48,208,154
pa91.jpg,275,183,security incident,97,55,205,123
pa135.jpg,267,189,security incident,15,11,258,189
pa135.jpg,267,189,security incident,6,21,166,182
pa135.jpg,267,189,security incident,3,53,97,158
r53.jpg,264,191,security incident,23,4,216,191
n215.jpg,474,267,normal state,35,120,468,265
pa139.jpg,299,168,security incident,13,7,265,145
pa139.jpg,299,168,security incident,12,14,158,122
pa153.jpg,725,380,security incident,6,10,358,379
pa153.jpg,725,380,security incident,373,9,716,375
sk30.jpg,259,194,security incident,74,143,166,194
oc65.jpg,474,355,security incident,99,37,357,340
oc65.jpg,474,355,security incident,165,38,324,316
oc29.jpg,474,911,security incident,134,531,465,854
r54.jpg,265,190,security incident,130,33,173,107
r54.jpg,265,190,security incident,20,9,265,168
cash tpn21.jpg,474,1201,security incident,42,920,402,1026
n250.jpg,474,643,normal state,16,191,423,632
n250.jpg,474,643,normal state,7,192,419,505
pa152.jpg,600,600,security incident,13,14,600,239
pa76.jpg,225,225,security incident,4,60,224,169
pa76.jpg,225,225,security incident,1,52,116,199
pa76.jpg,225,225,security incident,1,65,64,169
pa151.jpg,759,422,security incident,79,67,394,379
sk23.jpg,600,300,security incident,3,10,600,295
sk23.jpg,600,300,security incident,256,7,594,300
pa63.jpg,264,191,security incident,1,99,132,191
pa63.jpg,264,191,security incident,138,5,262,91
n252.jpg,300,200,normal state,48,15,300,193
n252.jpg,300,200,normal state,92,16,167,196
n192.jpg,474,846,normal state,320,26,459,434
n291.jpg,300,200,normal state,128,4,294,196
pa56.jpg,275,183,security incident,4,1,275,178
pa56.jpg,275,183,security incident,26,1,151,183
pa56.jpg,275,183,security incident,15,3,156,182
j34.jpg,259,194,security incident,3,5,242,194
j34.jpg,259,194,security incident,21,22,155,177
sk15.jpg,284,178,security incident,6,8,255,178
sk15.jpg,284,178,security incident,47,73,241,178
os24.jpg,288,175,security incident,66,6,288,172
atm17.jpg,262,192,security incident,3,5,262,180
atm17.jpg,262,192,security incident,28,3,192,130
atm17.jpg,262,192,security incident,35,2,260,176
atm17.jpg,262,192,security incident,138,73,257,175
n185.jpg,450,800,normal state,10,4,444,800
n185.jpg,450,800,normal state,36,20,445,494
trf20.jpg,275,183,security incident,32,15,231,95
ATM-attack-ploutus-1.png,650,575,security incident,235,245,440,535
ATM-attack-ploutus-1.png,650,575,security incident,231,253,462,431
cash tpn46.jpg,474,266,security incident,213,132,289,242
oc54.jpg,474,355,security incident,84,59,298,342
oc54.jpg,474,355,security incident,59,62,293,319
pa176.jpg,189,266,security incident,5,42,178,266
n254.jpg,474,266,normal state,33,16,473,266
n254.jpg,474,266,normal state,19,5,265,266
n254.jpg,474,266,normal state,230,2,401,266
n254.jpg,474,266,normal state,14,4,473,166
trf31.jpg,259,194,security incident,66,13,235,194
atm5.jpg,696,441,security incident,32,6,641,441
atm5.jpg,696,441,security incident,282,152,543,441
r45.jpg,268,188,security incident,7,3,268,177
r45.jpg,268,188,security incident,40,69,99,179
os50.jpg,177,285,security incident,8,10,176,243
os50.jpg,177,285,security incident,18,43,171,186
os50.jpg,177,285,security incident,16,20,174,238
os50.jpg,177,285,security incident,46,63,149,150
pa126.jpg,284,177,security incident,25,14,278,177
j20.jpg,303,166,security incident,78,70,185,132
cash tpn49.jpg,474,638,security incident,30,8,474,316
cash tpn49.jpg,474,638,security incident,5,3,305,638
pa65.jpg,300,168,security incident,78,45,224,158
pa65.jpg,300,168,security incident,41,29,242,168
oc35.jpg,219,300,security incident,34,12,197,238
oc35.jpg,219,300,security incident,22,10,214,220
oc30.jpg,474,352,security incident,23,21,467,333
oc30.jpg,474,352,security incident,233,35,457,158
oc30.jpg,474,352,security incident,15,75,310,248
m65.jpg,474,277,security incident,3,4,463,277
pa130.jpg,262,192,security incident,53,2,221,170
pa130.jpg,262,192,security incident,64,10,198,129
atm13.jpg,306,412,security incident,5,4,303,309
atm13.jpg,306,412,security incident,13,112,300,307
atm13.jpg,306,412,security incident,90,117,305,230
hacking1.jpg,2400,1800,security incident,63,20,1811,1608
hacking1.jpg,2400,1800,security incident,185,757,1881,1757
n268.jpg,300,423,normal state,5,11,300,376
n268.jpg,300,423,normal state,72,64,300,401
j17.jpg,299,168,security incident,4,2,265,158
j17.jpg,299,168,security incident,17,7,225,155
r51.jpg,300,168,security incident,84,31,288,168
j19.jpg,259,194,security incident,152,32,243,167
j19.jpg,259,194,security incident,174,28,256,148
pa111.jpg,225,225,security incident,63,34,224,188
pa111.jpg,225,225,security incident,73,25,214,224
n303.jpg,474,355,normal state,6,4,351,355
n303.jpg,474,355,normal state,147,22,343,349
n303.jpg,474,355,normal state,141,153,333,334
n303.jpg,474,355,normal state,8,3,344,237
oc47.jpg,474,266,security incident,138,21,405,266
oc47.jpg,474,266,security incident,169,70,329,188
oc47.jpg,474,266,security incident,123,8,389,266
oc47.jpg,474,266,security incident,150,1,370,265
trf38.jpg,279,181,security incident,26,30,137,181
pa70.jpg,275,183,security incident,12,6,274,156
pa70.jpg,275,183,security incident,63,3,272,159
pa70.jpg,275,183,security incident,77,37,196,173
pa70.jpg,275,183,security incident,153,6,275,164
os19.jpg,168,300,security incident,12,44,168,289
os19.jpg,168,300,security incident,22,71,168,218
os19.jpg,168,300,security incident,31,77,164,182
n69.jpg,474,318,normal state,5,4,466,318
n69.jpg,474,318,normal state,86,6,474,306
pa61.jpg,262,192,security incident,9,1,243,160
pa61.jpg,262,192,security incident,90,17,240,108
sk33.jpg,696,441,security incident,46,28,601,440
sk33.jpg,696,441,security incident,83,7,595,441
oc31.jpg,474,367,security incident,15,12,415,366
oc31.jpg,474,367,security incident,38,25,398,332
oc31.jpg,474,367,security incident,170,38,346,193
n247.jpg,450,470,normal state,60,72,424,396
cash tpn57.jpg,474,322,security incident,18,16,474,311
n207.jpg,236,160,normal state,2,5,191,160
n207.jpg,236,160,normal state,10,54,131,125
n207.jpg,236,160,normal state,48,42,145,139
pa96.jpg,173,280,security incident,7,6,160,249
pa96.jpg,173,280,security incident,2,130,165,260
pa96.jpg,173,280,security incident,9,144,158,250
os23.jpg,311,162,security incident,3,3,302,162
os23.jpg,311,162,security incident,55,23,186,162
n223.jpg,474,295,normal state,14,11,472,295
n223.jpg,474,295,normal state,10,7,289,295
n223.jpg,474,295,normal state,60,1,235,232
atm6.jpg,1200,900,security incident,14,3,601,886
atm6.jpg,1200,900,security incident,623,32,1200,866
atm6.jpg,1200,900,security incident,1,16,589,492
atm6.jpg,1200,900,security incident,289,5,592,328
pa121.jpg,261,193,security incident,14,25,194,158
ctpn16.JPEG,474,356,security incident,70,77,276,321
ctpn16.JPEG,474,356,security incident,86,102,230,312
pa72.jpg,259,194,security incident,20,1,247,194
pa72.jpg,259,194,security incident,108,10,224,156
pa72.jpg,259,194,security incident,30,2,238,194
pa72.jpg,259,194,security incident,10,5,254,134
n258.jpg,474,372,normal state,347,250,437,323
ctpn28.JPEG,474,328,security incident,178,98,320,147
r61.jpg,221,228,security incident,3,6,221,225
r61.jpg,221,228,security incident,128,4,221,217
pa75.jpg,275,183,security incident,3,5,184,165
pa75.jpg,275,183,security incident,1,9,154,126
n282.jpg,300,180,normal state,4,9,296,180
n282.jpg,300,180,normal state,44,23,220,172
r73.jpg,299,168,security incident,7,3,144,168
csm1.jpg,266,190,security incident,160,112,223,165
la26.JPEG,474,316,security incident,1,5,466,316
la26.JPEG,474,316,security incident,130,27,441,288
sk13.jpg,275,183,security incident,4,1,133,183
sk13.jpg,275,183,security incident,1,18,128,117
m42.jpg,474,316,security incident,1,5,470,316
os48.jpg,188,268,security incident,6,1,185,250
os48.jpg,188,268,security incident,26,15,184,245
os48.jpg,188,268,security incident,39,39,174,185
pa67.jpg,299,168,security incident,99,26,194,68
pa133.jpg,275,183,security incident,74,15,225,179
pa133.jpg,275,183,security incident,63,46,230,169
pa133.jpg,275,183,security incident,36,22,224,183
oc24.jpg,474,346,security incident,133,10,304,203
oc24.jpg,474,346,security incident,53,42,419,217
os45.jpg,259,194,security incident,50,47,175,144
os20.jpg,274,184,security incident,1,4,274,181
os20.jpg,274,184,security incident,53,18,219,144
os20.jpg,274,184,security incident,23,17,269,184
pa137.jpg,297,170,security incident,24,1,142,93
pa137.jpg,297,170,security incident,167,7,284,87
pa137.jpg,297,170,security incident,157,93,292,159
pa137.jpg,297,170,security incident,12,91,143,170
cash tpn28.jpg,474,315,security incident,4,5,474,313
cash tpn28.jpg,474,315,security incident,15,17,474,260
cash tpn28.jpg,474,315,security incident,56,80,355,158
n305.jpg,474,760,normal state,125,60,474,688
n305.jpg,474,760,normal state,155,144,459,474
r97.jpg,275,183,security incident,15,3,136,174
trf24.jpg,320,157,security incident,7,6,153,156
cash tpn58.jpg,474,273,security incident,422,2,474,53
m74.jpg,474,474,security incident,191,239,351,275
m62.jpg,370,229,security incident,5,6,352,225
ctpn13.JPEG,474,326,security incident,9,25,220,320
ctpn13.JPEG,474,326,security incident,20,76,130,231
n294.jpg,474,316,normal state,36,2,447,316
n294.jpg,474,316,normal state,215,116,427,291
n294.jpg,474,316,normal state,13,7,450,300
m54.jpg,474,283,security incident,11,4,474,282
n72.jpg,474,474,normal state,148,131,340,474
n72.jpg,474,474,normal state,39,64,465,454
oc38.jpg,474,316,security incident,39,5,437,316
oc38.jpg,474,316,security incident,168,46,326,215
oc38.jpg,474,316,security incident,148,7,414,286
oc33.jpg,217,237,security incident,19,3,217,229
oc33.jpg,217,237,security incident,36,1,200,166
oc33.jpg,217,237,security incident,57,4,173,151
oc33.jpg,217,237,security incident,51,39,189,135
cash tpn25.jpg,474,317,security incident,3,5,474,305
cash tpn25.jpg,474,317,security incident,8,1,474,260
m53.jpg,474,355,security incident,91,127,173,345
r57.jpg,284,177,security incident,72,2,217,177
n204.jpg,474,248,normal state,362,2,474,169
n174.jpg,300,300,normal state,4,2,299,274
n174.jpg,300,300,normal state,5,31,295,205
n174.jpg,300,300,normal state,143,4,300,280
oc37.jpg,474,603,security incident,47,214,454,389
m36.jpg,474,355,security incident,18,7,439,355
pa161.jpg,276,182,security incident,30,3,276,158
pa161.jpg,276,182,security incident,4,35,275,182
n285.jpg,474,303,normal state,30,9,474,297
n285.jpg,474,303,normal state,172,3,281,120
os46.jpg,318,159,security incident,13,2,318,155
os46.jpg,318,159,security incident,53,10,229,156
n238.jpg,474,506,normal state,25,27,434,455
n238.jpg,474,506,normal state,126,41,425,424
n238.jpg,474,506,normal state,13,47,424,306
n200.jpg,474,266,normal state,71,8,372,266
j16.jpg,268,188,security incident,8,2,235,175
j16.jpg,268,188,security incident,33,30,160,135
trf36.jpg,275,183,security incident,88,7,211,183
sk24.jpg,317,159,security incident,24,9,258,159
sk24.jpg,317,159,security incident,60,2,297,159
r72.jpg,310,163,security incident,191,44,277,137
m52.jpg,474,263,security incident,335,70,448,234
m52.jpg,474,263,security incident,35,71,181,184
m52.jpg,474,263,security incident,189,73,305,241
cash tpn47.jpg,474,266,security incident,243,183,302,228
trf26.jpg,254,198,security incident,17,19,254,196
n209.jpg,213,160,normal state,22,3,201,154
os33.jpg,410,123,security incident,1,1,410,116
os33.jpg,410,123,security incident,1,8,203,121
os33.jpg,410,123,security incident,46,5,368,110
os33.jpg,410,123,security incident,39,44,359,105
os33.jpg,410,123,security incident,54,3,307,102
n233.jpg,474,348,normal state,13,3,472,320
n233.jpg,474,348,normal state,5,6,209,320
n233.jpg,474,348,normal state,205,8,470,331
n233.jpg,474,348,normal state,1,3,470,213
n205.jpg,474,368,normal state,28,13,435,358
n205.jpg,474,368,normal state,83,136,405,302
n175.jpg,474,355,normal state,7,6,473,345
n175.jpg,474,355,normal state,200,39,474,341
n228.jpg,474,316,normal state,56,5,465,316
j26.jpg,275,183,security incident,1,2,274,183
j26.jpg,275,183,security incident,56,3,214,183
j26.jpg,275,183,security incident,67,41,213,182
j26.jpg,275,183,security incident,1,34,272,183
oc32.jpg,474,474,security incident,25,2,400,470
oc32.jpg,474,474,security incident,44,6,373,337
n246.jpg,474,313,normal state,156,84,270,272
n210.jpg,233,160,normal state,8,4,228,159
n210.jpg,233,160,normal state,98,17,225,159
os32.jpg,275,183,security incident,1,3,274,182
os32.jpg,275,183,security incident,59,37,240,172
os32.jpg,275,183,security incident,79,46,216,155
pa85.jpg,225,225,security incident,4,14,225,185
pa85.jpg,225,225,security incident,97,16,225,160
pa85.jpg,225,225,security incident,105,2,223,134
oc39.jpg,474,355,security incident,124,25,413,293
oc39.jpg,474,355,security incident,153,4,390,240
oc39.jpg,474,355,security incident,169,43,363,236
j28.jpg,284,177,security incident,8,3,176,177
j28.jpg,284,177,security incident,58,3,163,176
m29.jpg,474,286,security incident,15,4,472,275
n253.jpg,474,331,normal state,19,38,375,329
pa115.jpg,228,221,security incident,3,5,227,214
pa115.jpg,228,221,security incident,2,5,227,158
pa115.jpg,228,221,security incident,1,4,195,88
pa145.jpg,265,190,security incident,8,7,265,167
atm 12.jpg,224,225,security incident,31,10,217,224
r110.jpg,381,132,security incident,19,12,357,132
r52.jpg,299,168,security incident,73,12,267,111
os44.jpg,194,259,security incident,6,24,194,199
os44.jpg,194,259,security incident,28,57,190,197
n290.jpg,474,463,normal state,45,16,474,461
n290.jpg,474,463,normal state,25,13,271,458
n290.jpg,474,463,normal state,21,6,433,413
os51.jpg,259,194,security incident,17,8,253,158
os51.jpg,259,194,security incident,65,18,233,136
os51.jpg,259,194,security incident,76,34,211,101
lg34.jpg,277,182,security incident,13,19,107,182
cash tpn53.jpg,474,308,security incident,113,13,230,78
pa105.jpg,275,183,security incident,3,22,222,156
pa105.jpg,275,183,security incident,50,33,204,153
os37.jpg,259,194,security incident,9,5,259,192
os37.jpg,259,194,security incident,81,43,237,194
pa103.jpg,262,193,security incident,105,2,247,149
pa103.jpg,262,193,security incident,14,5,252,162
pa103.jpg,262,193,security incident,114,3,239,122
pa58.jpg,275,183,security incident,91,9,272,183
pa58.jpg,275,183,security incident,106,6,275,160
pa58.jpg,275,183,security incident,171,10,275,178
pa58.jpg,275,183,security incident,86,37,240,183
skm1.jpg,340,148,security incident,34,3,338,52
la22.JPEG,474,212,security incident,258,52,474,174
m44.jpg,474,268,security incident,137,192,252,229
r85.jpg,986,555,security incident,233,7,810,410
oc46.jpg,474,273,security incident,145,37,350,244
os56.jpg,262,193,security incident,6,6,260,170
os56.jpg,262,193,security incident,41,25,235,155
n70.jpg,474,355,normal state,34,7,456,355
n70.jpg,474,355,normal state,70,50,427,325
n70.jpg,474,355,normal state,65,104,444,355
r58.jpg,287,176,security incident,5,3,287,174
r58.jpg,287,176,security incident,123,9,287,171
r58.jpg,287,176,security incident,3,5,287,102
n183.jpg,474,632,normal state,105,15,468,632
n280.jpg,474,506,normal state,39,23,225,397
oc66.jpg,260,280,security incident,85,28,182,176
oc66.jpg,260,280,security incident,18,18,249,245
ctpn31.JPEG,474,269,security incident,8,4,358,202
ctpn31.JPEG,474,269,security incident,1,2,474,254
sk28.jpg,290,174,security incident,2,8,152,174
sk28.jpg,290,174,security incident,160,2,289,174
r68.jpg,222,227,security incident,5,4,222,225
sk34.jpg,389,129,security incident,41,25,166,129
r126.jpg,1300,866,security incident,24,14,1040,851
r126.jpg,1300,866,security incident,279,6,1033,866
n214.jpg,285,160,normal state,8,5,283,160
n214.jpg,285,160,normal state,5,3,91,160
n214.jpg,285,160,normal state,95,4,285,148
n214.jpg,285,160,normal state,3,3,285,110
pa89.jpg,233,216,security incident,8,2,233,205
pa89.jpg,233,216,security incident,11,12,227,143
la41.jpg,389,129,security incident,54,55,162,110
la41.jpg,389,129,security incident,45,30,174,126
pa159.jpg,234,215,security incident,7,15,133,208
pa159.jpg,234,215,security incident,7,5,227,117
pa159.jpg,234,215,security incident,117,8,234,205
j21.jpg,311,162,security incident,9,1,125,162
la23.JPEG,474,210,security incident,5,4,464,205
jjj.jpg,275,183,security incident,1,3,274,179
jjj.jpg,275,183,security incident,4,61,246,147
m71.jpg,474,385,security incident,112,131,208,279
la40.jpg,189,266,security incident,21,49,139,183
la40.jpg,189,266,security incident,1,26,143,248
os41.jpg,194,259,security incident,3,5,194,255
os41.jpg,194,259,security incident,31,20,171,259
os41.jpg,194,259,security incident,43,28,173,201
os41.jpg,194,259,security incident,51,41,154,133
r56.jpg,249,202,security incident,17,17,243,202
r56.jpg,249,202,security incident,152,24,234,190
r56.jpg,249,202,security incident,18,11,246,115
r113.jpg,720,480,security incident,12,3,348,480
oc55.jpg,474,378,security incident,54,9,347,266
oc55.jpg,474,378,security incident,117,6,333,246
oc55.jpg,474,378,security incident,123,18,320,228
r76.jpg,284,177,security incident,4,1,191,132
cash tpn23.jpg,474,354,security incident,60,124,379,354
cash tpn23.jpg,474,354,security incident,87,10,375,354
os38.jpg,309,163,security incident,5,4,303,163
os38.jpg,309,163,security incident,42,14,275,163
os38.jpg,309,163,security incident,48,24,178,118
n218.jpg,299,470,normal state,1,7,295,448
n218.jpg,299,470,normal state,8,282,247,429
pa138.jpg,251,201,security incident,26,21,229,174
pa138.jpg,251,201,security incident,68,21,192,161
j32.jpg,189,267,security incident,25,60,165,163
cash tpn56.jpg,474,355,security incident,213,126,354,216
cash tpn56.jpg,474,355,security incident,138,31,433,355
ctpn24.JPEG,474,266,security incident,80,45,403,222
ctpn24.JPEG,474,266,security incident,89,55,230,225
ctpn24.JPEG,474,266,security incident,95,57,227,208
ctpn24.JPEG,474,266,security incident,115,83,223,201
ctpn24.JPEG,474,266,security incident,248,79,377,211
ctpn24.JPEG,474,266,security incident,290,118,377,215
oc70.jpg,474,301,security incident,145,1,338,113
oc70.jpg,474,301,security incident,97,8,378,230
oc70.jpg,474,301,security incident,180,70,317,139
trf15.jpg,275,183,security incident,82,137,117,183
trf39.jpg,275,183,security incident,95,45,230,183
ctpn37.JPEG,390,285,security incident,28,12,386,285
oc44.jpg,474,355,security incident,26,10,466,355
oc44.jpg,474,355,security incident,156,15,308,190
oc44.jpg,474,355,security incident,112,27,474,346
oc44.jpg,474,355,security incident,16,153,473,341
n230.jpg,474,316,normal state,71,3,422,316
n230.jpg,474,316,normal state,82,3,470,240
n230.jpg,474,316,normal state,63,2,260,316
n230.jpg,474,316,normal state,92,101,252,313
n230.jpg,474,316,normal state,49,6,339,233
os57.jpg,248,203,security incident,8,4,248,181
os57.jpg,248,203,security incident,35,2,186,183
os57.jpg,248,203,security incident,55,10,163,151
os57.jpg,248,203,security incident,73,20,158,125
pa84.jpg,284,178,security incident,2,2,262,178
pa84.jpg,284,178,security incident,5,10,272,108
pa55.jpg,299,168,security incident,120,34,281,159
pa55.jpg,299,168,security incident,114,1,299,167
pa55.jpg,299,168,security incident,213,18,294,115
m77.jpg,474,474,security incident,6,188,194,448
r44.jpg,290,174,security incident,20,2,290,172
r44.jpg,290,174,security incident,51,60,278,168
n73.jpg,474,316,normal state,73,5,304,316
n73.jpg,474,316,normal state,121,12,274,280
pa90.jpg,262,193,security incident,7,9,262,157
pa90.jpg,262,193,security incident,15,1,242,152
pa90.jpg,262,193,security incident,59,11,238,101
trf41.jpg,275,183,security incident,70,58,190,183
sk29.jpg,482,480,security incident,14,49,482,430
sk29.jpg,482,480,security incident,18,101,401,453
cash tpn37.jpg,474,287,security incident,12,6,474,277
cash tpn37.jpg,474,287,security incident,18,107,474,278
n261.jpg,474,711,normal state,178,179,381,516
ctpn41.JPEG,474,247,security incident,16,3,456,247
ctpn41.JPEG,474,247,security incident,15,1,142,51
ctpn41.JPEG,474,247,security incident,13,1,366,243
ctpn41.JPEG,474,247,security incident,215,1,471,151
ctpn41.JPEG,474,247,security incident,178,2,405,247
ctpn41.JPEG,474,247,security incident,145,113,378,247
ctpn41.JPEG,474,247,security incident,8,2,354,247
atm 20.jpg,300,137,security incident,38,8,113,79
atm 20.jpg,300,137,security incident,177,7,259,94
m39.jpg,474,221,security incident,316,176,373,221
csm3.jpg,275,183,security incident,93,111,184,169
m28.jpg,474,316,security incident,11,28,471,308
m28.jpg,474,316,security incident,15,1,471,265
n269.jpg,250,251,normal state,41,5,227,251
n269.jpg,250,251,normal state,71,67,184,217
pa180.jpg,300,168,security incident,11,10,281,163
ctpn44.JPEG,474,265,security incident,7,2,264,265
ctpn44.JPEG,474,265,security incident,10,8,257,187
m37.jpg,474,286,security incident,4,7,405,286
n227.jpg,474,355,normal state,12,5,473,349
n227.jpg,474,355,normal state,236,4,474,341
robbery 1.jpg,1300,866,security incident,30,12,1149,866
robbery 1.jpg,1300,866,security incident,364,12,1067,866
sk27.jpg,275,183,security incident,1,6,195,79
n306.jpg,300,173,normal state,12,3,300,168
n306.jpg,300,173,normal state,53,3,221,173
n306.jpg,300,173,normal state,39,2,265,146
n306.jpg,300,173,normal state,131,2,199,57
os36.jpg,259,194,security incident,49,9,254,188
os36.jpg,259,194,security incident,68,32,246,169
pa79.jpg,800,800,security incident,130,150,769,790
pa79.jpg,800,800,security incident,115,109,758,566
pa79.jpg,800,800,security incident,58,84,756,463
trf37.jpg,275,183,security incident,102,17,201,174
oc52.jpg,474,318,security incident,12,13,228,309
oc52.jpg,474,318,security incident,246,1,461,318
sk22.jpg,259,194,security incident,100,16,259,185
sk22.jpg,259,194,security incident,110,27,214,185
r109.jpg,310,163,security incident,39,1,301,160
r109.jpg,310,163,security incident,56,65,278,146
m26.jpg,474,266,security incident,103,5,242,217
os42.jpg,225,225,security incident,4,4,225,213
os42.jpg,225,225,security incident,29,10,208,131
os42.jpg,225,225,security incident,26,8,213,210
os52.jpg,261,193,security incident,24,4,245,193
os52.jpg,261,193,security incident,34,28,239,189
os52.jpg,261,193,security incident,39,54,150,133
os52.jpg,261,193,security incident,41,54,150,187
os52.jpg,261,193,security incident,21,28,234,144
